{"cameraMode":{"drawMode":0,"name":"Shaded","section":"Shading Mode"},"sceneLighting":true,"audioPlay":false,"sceneViewState":{"m_AlwaysRefresh":false,"showFog":true,"showSkybox":true,"showFlares":true,"showImageEffects":true,"showParticleSystems":true,"showVisualEffectGraphs":true,"m_FxEnabled":true},"in2DMode":false,"pivot":{"x":-0.14222697913646699,"y":0.13107487559318543,"z":-0.3707234859466553},"rotation":{"x":0.1442825347185135,"y":0.6441908478736877,"z":-0.12550044059753419,"w":0.740591824054718},"size":9.553316116333008,"orthographic":false}