{"cameraMode":{"drawMode":0,"name":"Shaded","section":"Shading Mode"},"sceneLighting":true,"audioPlay":false,"sceneViewState":{"m_AlwaysRefresh":false,"showFog":true,"showSkybox":true,"showFlares":true,"showImageEffects":true,"showParticleSystems":true,"showVisualEffectGraphs":true,"m_FxEnabled":true},"in2DMode":false,"pivot":{"x":3.0928516387939455,"y":22.808391571044923,"z":-1.272226333618164},"rotation":{"x":0.01847143843770027,"y":0.957187294960022,"z":-0.06269868463277817,"w":0.2819931209087372},"size":19.072532653808595,"orthographic":false}