{"cameraMode":{"drawMode":0,"name":"Shaded","section":"Shading Mode"},"sceneLighting":true,"audioPlay":false,"sceneViewState":{"m_AlwaysRefresh":false,"showFog":true,"showSkybox":true,"showFlares":true,"showImageEffects":true,"showParticleSystems":true,"showVisualEffectGraphs":true,"m_FxEnabled":true},"in2DMode":false,"pivot":{"x":-0.009999999776482582,"y":2.0199999809265138,"z":0.49000000953674319},"rotation":{"x":-0.04463394731283188,"y":0.9513843059539795,"z":-0.2555444538593292,"w":-0.16615146398544312},"size":1.9877301454544068,"orthographic":false}