{"cameraMode":{"drawMode":0,"name":"Shaded","section":"Shading Mode"},"sceneLighting":true,"audioPlay":false,"sceneViewState":{"m_AlwaysRefresh":false,"showFog":true,"showSkybox":true,"showFlares":true,"showImageEffects":true,"showParticleSystems":true,"showVisualEffectGraphs":true,"m_FxEnabled":true},"in2DMode":false,"pivot":{"x":-8.387182235717774,"y":1.0347847938537598,"z":-2.2613589763641359},"rotation":{"x":-0.020894434303045274,"y":0.9709110260009766,"z":-0.21998068690299989,"w":-0.09222028404474259},"size":2.232020378112793,"orthographic":false}