{"cameraMode":{"drawMode":0,"name":"Shaded","section":"Shading Mode"},"sceneLighting":true,"audioPlay":false,"sceneViewState":{"m_AlwaysRefresh":false,"showFog":true,"showSkybox":true,"showFlares":true,"showImageEffects":true,"showParticleSystems":true,"showVisualEffectGraphs":true,"m_FxEnabled":true},"in2DMode":false,"pivot":{"x":-33.992435455322269,"y":31.132713317871095,"z":-42.23337173461914},"rotation":{"x":0.23046600818634034,"y":-0.6551421284675598,"z":0.22045587003231049,"w":0.6848932504653931},"size":7.0622334480285648,"orthographic":false}