{"cameraMode":{"drawMode":0,"name":"Shaded","section":"Shading Mode"},"sceneLighting":true,"audioPlay":false,"sceneViewState":{"m_AlwaysRefresh":false,"showFog":true,"showSkybox":true,"showFlares":true,"showImageEffects":true,"showParticleSystems":true,"showVisualEffectGraphs":true,"m_FxEnabled":true},"in2DMode":false,"pivot":{"x":-25.43218231201172,"y":0.2702789008617401,"z":-26.29619789123535},"rotation":{"x":0.13420400023460389,"y":0.33714449405670168,"z":-0.04855095595121384,"w":0.9306379556655884},"size":2.0006117820739748,"orthographic":false}