{"cameraMode":{"drawMode":0,"name":"Shaded","section":"Shading Mode"},"sceneLighting":true,"audioPlay":false,"sceneViewState":{"m_AlwaysRefresh":false,"showFog":true,"showSkybox":true,"showFlares":true,"showImageEffects":true,"showParticleSystems":true,"showVisualEffectGraphs":true,"m_FxEnabled":true},"in2DMode":false,"pivot":{"x":-1.0398975610733033,"y":3.369363784790039,"z":15.956628799438477},"rotation":{"x":-0.08558396250009537,"y":0.29138365387916567,"z":-0.02616463601589203,"w":-0.9524564743041992},"size":5.774086952209473,"orthographic":false}