{"cameraMode":{"drawMode":0,"name":"Shaded","section":"Shading Mode"},"sceneLighting":true,"audioPlay":false,"sceneViewState":{"m_AlwaysRefresh":false,"showFog":true,"showSkybox":true,"showFlares":true,"showImageEffects":true,"showParticleSystems":true,"showVisualEffectGraphs":true,"m_FxEnabled":true},"in2DMode":false,"pivot":{"x":-3.1820311546325685,"y":11.352652549743653,"z":23.94412612915039},"rotation":{"x":-0.11433248221874237,"y":0.8633798956871033,"z":-0.22638541460037232,"w":-0.43618932366371157},"size":17.119962692260743,"orthographic":false}