{"cameraMode":{"drawMode":0,"name":"Shaded","section":"Shading Mode"},"sceneLighting":true,"audioPlay":false,"sceneViewState":{"m_AlwaysRefresh":false,"showFog":true,"showSkybox":true,"showFlares":true,"showImageEffects":true,"showParticleSystems":true,"showVisualEffectGraphs":true,"m_FxEnabled":true},"in2DMode":false,"pivot":{"x":51.945560455322269,"y":-28.645193099975587,"z":-25.742292404174806},"rotation":{"x":0.15065732598304749,"y":0.8046808242797852,"z":-0.23056848347187043,"w":0.5260487198829651},"size":42.89570617675781,"orthographic":false}