{"cameraMode":{"drawMode":0,"name":"Shaded","section":"Shading Mode"},"sceneLighting":true,"audioPlay":false,"sceneViewState":{"m_AlwaysRefresh":false,"showFog":true,"showSkybox":true,"showFlares":true,"showImageEffects":true,"showParticleSystems":true,"showVisualEffectGraphs":true,"m_FxEnabled":true},"in2DMode":false,"pivot":{"x":-3.994224786758423,"y":0.7673983573913574,"z":15.553728103637696},"rotation":{"x":0.020305665209889413,"y":-0.969830334186554,"z":0.08673640340566635,"w":0.22702834010124207},"size":4.269104480743408,"orthographic":false}