{"cameraMode":{"drawMode":0,"name":"Shaded","section":"Shading Mode"},"sceneLighting":false,"audioPlay":false,"sceneViewState":{"m_AlwaysRefresh":false,"showFog":true,"showSkybox":false,"showFlares":true,"showImageEffects":true,"showParticleSystems":true,"showVisualEffectGraphs":true,"m_FxEnabled":true},"in2DMode":false,"pivot":{"x":-4.9198079109191898,"y":3.2736804485321047,"z":3.8092265129089357},"rotation":{"x":-0.004550118464976549,"y":-0.9760315418243408,"z":0.21662068367004395,"w":-0.02050161361694336},"size":0.2317909598350525,"orthographic":true}