{"cameraMode":{"drawMode":0,"name":"Shaded","section":"Shading Mode"},"sceneLighting":false,"audioPlay":false,"sceneViewState":{"m_AlwaysRefresh":false,"showFog":true,"showSkybox":false,"showFlares":true,"showImageEffects":true,"showParticleSystems":true,"showVisualEffectGraphs":true,"m_FxEnabled":true},"in2DMode":false,"pivot":{"x":-0.9585863947868347,"y":0.6263529658317566,"z":-3.209378719329834},"rotation":{"x":-0.028229428455233575,"y":-0.8670408725738525,"z":0.04925284534692764,"w":-0.4951048791408539},"size":3.2378036975860597,"orthographic":false}