{"cameraMode":{"drawMode":0,"name":"Shaded","section":"Shading Mode"},"sceneLighting":false,"audioPlay":false,"sceneViewState":{"m_AlwaysRefresh":false,"showFog":true,"showSkybox":false,"showFlares":true,"showImageEffects":true,"showParticleSystems":true,"showVisualEffectGraphs":true,"m_FxEnabled":true},"in2DMode":false,"pivot":{"x":0.06909308582544327,"y":0.32479342818260195,"z":1.344727873802185},"rotation":{"x":0.1706395447254181,"y":-0.5442494750022888,"z":0.11422043293714524,"w":0.8134883642196655},"size":3.8437392711639406,"orthographic":false}