{"cameraMode":{"drawMode":0,"name":"Shaded","section":"Shading Mode"},"sceneLighting":false,"audioPlay":false,"sceneViewState":{"m_AlwaysRefresh":false,"showFog":true,"showSkybox":false,"showFlares":true,"showImageEffects":true,"showParticleSystems":true,"showVisualEffectGraphs":true,"m_FxEnabled":true},"in2DMode":false,"pivot":{"x":0.19270801544189454,"y":0.9967844486236572,"z":-0.011837482452392578},"rotation":{"x":0.2325717955827713,"y":-0.6480886936187744,"z":0.2179839164018631,"w":0.6917438507080078},"size":4.696595191955566,"orthographic":false}