{"cameraMode":{"drawMode":0,"name":"Shaded","section":"Shading Mode"},"sceneLighting":false,"audioPlay":false,"sceneViewState":{"m_AlwaysRefresh":false,"showFog":true,"showSkybox":false,"showFlares":true,"showImageEffects":true,"showParticleSystems":true,"showVisualEffectGraphs":true,"m_FxEnabled":true},"in2DMode":false,"pivot":{"x":0.07817959785461426,"y":-0.009424567222595215,"z":0.08153192698955536},"rotation":{"x":-0.04463394731283188,"y":0.9513843059539795,"z":-0.2555444538593292,"w":-0.16615146398544312},"size":2.1717867851257326,"orthographic":false}